<?xml version="1.0" encoding="UTF-8"?>
<!DOCTYPE hibernate-configuration PUBLIC
        "-//Hibernate/Hibernate Configuration DTD 3.0//EN"
        " http://www.hibernate.org/dtd/hibernate-configuration/hibernate-configuration-3.0.dtd">
<hibernate-configuration>
    <session-factory>
        <property name="hibernate.connection.driver_class">oracle.jdbc.driver.OracleDriver</property>
        <property name="hibernate.connection.url">jdbc:oracle:thin:@10.1.50.198:1535:nsbt19c</property>
        <property name="hibernate.connection.username">training</property>
        <property name="hibernate.connection.password">training</property>
        <property name="hibernate.dialect">org.hibernate.dialect.Oracle12cDialect</property>
        <property name="show_sql">true</property>
        <!-- Enable Hibernates automatic session context management -->
        <property name="current_session_context_class">thread</property>
        <property name="hbm2ddl.auto">create</property>
        
    </session-factory>
</hibernate-configuration>